[{"id":"user-image-2.png","publicUrl":"np://user.desktop.nicepage.com/Site_2506413731/images/2.png","size":167219,"hash":"CKm+w4DGbI3h9DCVtgdKCRxGrII=","fileName":"2.png","name":"2","width":700,"height":1000,"thumbnail":{"url":"np://user.desktop.nicepage.com/Site_2506413731/images/thumbnails/2.png","width":175,"height":250},"folderId":null,"usages":["593521198"]},{"id":"user-image-pricing_bg.png","publicUrl":"np://user.desktop.nicepage.com/Site_2506413731/images/pricing_bg.png","size":749944,"fileName":"pricing_bg.png","name":"pricing_bg","width":2000,"height":1000,"thumbnail":{"url":"np://user.desktop.nicepage.com/Site_2506413731/images/thumbnails/pricing_bg.png","width":250,"height":125},"usages":["593521198"]},{"id":"user-image-ActionLanes-Logo-Extended.png","publicUrl":"np://user.desktop.nicepage.com/Site_2506413731/images/ActionLanes-Logo-Extended.png","size":33715,"fileName":"ActionLanes-Logo-Extended.png","name":"ActionLanes-Logo-Extended","width":438,"height":150,"thumbnail":{"url":"np://user.desktop.nicepage.com/Site_2506413731/images/thumbnails/ActionLanes-Logo-Extended.png","width":250,"height":86},"usages":[]},{"id":"user-image-arcade.jpg","publicUrl":"np://user.desktop.nicepage.com/Site_2506413731/images/arcade.jpg","size":373881,"fileName":"arcade.jpg","name":"arcade","width":1600,"height":900,"thumbnail":{"url":"np://user.desktop.nicepage.com/Site_2506413731/images/thumbnails/arcade.jpg","width":250,"height":141},"usages":["34279841"]},{"id":"user-image-bowling1.png","publicUrl":"np://user.desktop.nicepage.com/Site_2506413731/images/bowling1.png","size":46694,"fileName":"bowling1.png","name":"bowling1","width":512,"height":512,"thumbnail":{"url":"np://user.desktop.nicepage.com/Site_2506413731/images/thumbnails/bowling1.png","width":250,"height":250},"usages":["34279841"]},{"id":"user-image-free_1.jpg","publicUrl":"np://user.desktop.nicepage.com/Site_2506413731/images/free_1.jpg","size":107808,"fileName":"free_1.jpg","name":"free_1","width":1880,"height":1245,"thumbnail":{"url":"np://user.desktop.nicepage.com/Site_2506413731/images/thumbnails/free_1.jpg","width":250,"height":166},"usages":["34279841","81018995"]},{"id":"user-image-2.jpg","publicUrl":"np://user.desktop.nicepage.com/Site_2506413731/images/2.jpg","size":108602,"fileName":"2.jpg","name":"2","width":750,"height":1000,"thumbnail":{"url":"np://user.desktop.nicepage.com/Site_2506413731/images/thumbnails/2.jpg","width":188,"height":250},"usages":["34279841"]},{"id":"user-image-wide_banner.png","publicUrl":"np://user.desktop.nicepage.com/Site_2506413731/images/wide_banner.png","size":1785888,"fileName":"wide_banner.png","name":"wide_banner","width":1693,"height":952,"thumbnail":{"url":"np://user.desktop.nicepage.com/Site_2506413731/images/thumbnails/wide_banner.png","width":250,"height":141},"usages":["34279841"]}]