[{"id":131748464,"title":"Blog Template","order":1,"templateKey":"blog","customTemplate":false,"customTemplateFilename":null,"pageLinks":[],"dateCreated":"2022-06-14T07:39:01.975Z","dateUpdated":"2023-01-06T22:22:29.315Z","folderId":null,"pageName":"Blog Template","serverPageId":null,"status":2,"backwardUrl":null},{"id":43012347,"title":"Post Template","order":2,"templateKey":"post","customTemplate":false,"customTemplateFilename":null,"pageLinks":[],"dateCreated":"2022-06-14T07:39:01.976Z","dateUpdated":"2023-01-06T22:22:29.314Z","folderId":null,"pageName":"Post Template","serverPageId":null,"status":2,"backwardUrl":null},{"id":75453725,"title":"Product List Template","order":3,"templateKey":"products","customTemplate":false,"customTemplateFilename":null,"pageLinks":[],"dateCreated":"2022-06-14T07:39:01.975Z","dateUpdated":"2023-01-06T22:22:29.315Z","folderId":null,"pageName":"Product List Template","serverPageId":null,"status":2,"backwardUrl":null},{"id":1129212302,"title":"Product Details Template","order":4,"templateKey":"product","customTemplate":false,"customTemplateFilename":null,"pageLinks":[],"dateCreated":"2022-06-14T07:39:01.976Z","dateUpdated":"2023-01-06T22:22:29.316Z","folderId":null,"pageName":"Product Details Template","serverPageId":null,"status":2,"backwardUrl":null},{"id":466412066,"title":"Shopping Cart Template","order":5,"templateKey":"cart","customTemplate":false,"customTemplateFilename":null,"pageLinks":[],"dateCreated":"2022-06-14T07:39:01.976Z","dateUpdated":"2023-01-06T22:22:29.326Z","folderId":null,"pageName":"Shopping Cart Template","serverPageId":null,"status":2,"backwardUrl":null},{"id":74008371,"title":"Checkout Template","order":6,"templateKey":"checkout","customTemplate":false,"customTemplateFilename":null,"pageLinks":[],"dateCreated":"2022-06-14T07:39:01.976Z","dateUpdated":"2023-01-06T22:22:29.331Z","folderId":null,"pageName":"Checkout Template","serverPageId":null,"status":2,"backwardUrl":null},{"id":77504990,"title":"Login Template","order":7,"templateKey":"login","customTemplate":false,"customTemplateFilename":null,"pageLinks":[],"dateCreated":"2022-06-14T07:39:01.976Z","dateUpdated":"2023-01-06T22:22:29.322Z","folderId":null,"pageName":"Login Template","serverPageId":null,"status":2,"backwardUrl":null},{"id":1351316265,"title":"Search Page Template","order":8,"templateKey":"Search","customTemplate":false,"customTemplateFilename":null,"pageLinks":[],"dateCreated":"2024-12-18T20:13:28.044Z","dateUpdated":"2024-12-18T20:13:28.165Z","folderId":null,"pageName":"Search Page Template","serverPageId":null,"sectionCount":1,"status":2,"backwardUrl":null},{"id":71915671,"title":"Page Password Template","order":9,"templateKey":"password","customTemplate":false,"customTemplateFilename":null,"pageLinks":[],"dateCreated":"2022-06-14T07:39:01.976Z","dateUpdated":"2023-01-06T22:22:29.328Z","folderId":null,"pageName":"Page Password Template","serverPageId":null,"status":2,"backwardUrl":null},{"id":65278032,"title":"404 Not Found Template","order":10,"templateKey":"404","customTemplate":false,"customTemplateFilename":null,"pageLinks":[],"dateCreated":"2022-06-14T07:39:01.976Z","dateUpdated":"2023-01-06T22:22:29.335Z","folderId":null,"pageName":"404 Not Found Template","serverPageId":null,"status":2,"backwardUrl":null},{"id":22846635,"title":"Thank You Page Template","order":11,"templateKey":"ThankYou","customTemplate":false,"customTemplateFilename":null,"pageLinks":[],"dateCreated":"2023-10-03T16:11:33.068Z","dateUpdated":"2023-10-03T16:11:33.176Z","folderId":null,"pageName":"Thank You Page Template","serverPageId":null,"status":2,"backwardUrl":null},{"id":81018995,"title":"About","order":100,"templateKey":null,"customTemplate":false,"customTemplateFilename":null,"pageLinks":["34279841"],"dateCreated":"2022-06-14T07:39:01.976Z","dateUpdated":"2025-10-22T19:58:12.732Z","folderId":null,"pageName":"About_81018995","serverPageId":null,"sectionCount":1,"status":2,"backwardUrl":null},{"id":34279841,"title":"Home","order":102,"templateKey":null,"customTemplate":false,"customTemplateFilename":null,"pageLinks":["34279841"],"dateCreated":"2023-01-06T22:25:03.534Z","dateUpdated":"2025-10-22T19:57:46.206Z","folderId":null,"pageName":"Home_34279841","serverPageId":null,"sectionCount":3,"status":2,"backwardUrl":null},{"id":593521198,"title":"Rates and Promos","order":104,"templateKey":null,"customTemplate":false,"customTemplateFilename":null,"pageLinks":["34279841"],"dateCreated":"2023-01-06T22:25:23.180Z","dateUpdated":"2025-10-22T19:58:00.635Z","folderId":null,"pageName":"Rates and Promos_593521198","serverPageId":null,"sectionCount":3,"status":2,"backwardUrl":null}]